{"time": [0.9073486328125e-06, 1.000201940536499, 2.000401496887207, 3.00058913230896, 4.000823259353638, 5.001033544540405, 6.001230478286743, 7.001449823379517, 8.001663446426392, 9.001959800720215, 10.002171754837036, 11.002387046813965], "replicas": {"details-hpa": [1, 1, 1, 1, 1, 1, 1, 1, 1, 1, 1], "productpage-hpa": [1, 1, 1, 1, 1, 1, 1, 1, 1, 1, 1], "ratings-hpa": [1, 1, 1, 1, 1, 1, 1, 1, 1, 1, 1], "reviews-v1-hpa": [1, 1, 1, 1, 1, 1, 1, 1, 1, 1, 1], "reviews-v2-hpa": [1, 1, 1, 1, 1, 1, 1, 1, 1, 1, 1], "reviews-v3-hpa": [1, 1, 1, 1, 1, 1, 1, 1, 1, 1, 1]}, "cpu": {"details-hpa": [4, 4, 4, 4, 4, 4, 4, 4, 4, 4, 4], "productpage-hpa": [6, 6, 6, 6, 6, 6, 6, 6, 6, 6, 6], "ratings-hpa": [5, 5, 5, 5, 5, 5, 5, 5, 5, 5, 5], "reviews-v1-hpa": [4, 4, 4, 4, 4, 4, 4, 4, 4, 4, 4], "reviews-v2-hpa": [6, 6, 6, 6, 6, 6, 6, 6, 6, 6, 6], "reviews-v3-hpa": [5, 5, 5, 5, 5, 5, 5, 5, 5, 5, 5]}}
